Doc,Topic,Doc_ID
La testimonianza di uno dei nostri pescatori rimasti prigionieri in Libia per ben 108 giorni. Da ascoltare.  https://t.co/6vEVfeUqAU,123,458
Se i #pescatori italiani sequestrati in Libia potranno tornare a casa dalle loro famiglie sarÃ  una giornata di festa per il Paese intero. Senza distinzioni politiche. Non vorrei perÃ² che la smania comunicativa di Casalino mettesse a rischio un'operazione delicata.  https://t.co/D2DlMRGBfd,123,512
"Invece di occuparsi dei 18 pescatori sequestrati da 104 giorni in Libia, Di Maio va a parlare di calcio a 90* Minuto... Ma alla Rai ci sono o ci fanno?  https://t.co/DjlJOegxTN",123,590
"Libia, turchi liberati in 5 giorni, i nostri pescatori prigionieri da piÃ¹ di cento. Lo sfogo della moglie di un pescatore: â€œGoverno di incapaciâ€.  #vociitaliane ðŸ‡®ðŸ‡¹  https://t.co/ktOwmACCcF",123,603
"Turchi liberati dopo 5 giorni, i nostri pescatori ancora prigionieri in Libia dopo 102 giorni! Assolutamente indegno e inaccettabile. #riportateliacasa  https://t.co/QP2T8zGDXq",123,613
"ðŸš¨ Su iniziativa della Lega con Lorenzo Viviani oggi a mezzogiorno nelle marinerie di tutta Italia sirene allâ€™unisono per ricordare i pescatori di Mazara, prigionieri in Libia ormai da 96 GIORNI.  https://t.co/zqNfm7wYOr",123,689
"Per ricordare i 18 pescatori di Mazara, 18 lavoratori, prigionieri in Libia da 96 giorni. Conte, Di Maio, governo: che cosa aspettate? SVEGLIATEVI!",123,708
"NON AVETE MOSSO UN DITO PER I 18 PESCATORI SEQUESTRATI IN LIBIA, PER ALTRI AVETE SPESO MILIONI! Dedico il mio intervento a loro e alle loro famiglie. #Senato #liberateipescatori  https://t.co/hesj69yZ68",123,781
"Pomeriggio romano con Cristina, Insaf e Leonardo, moglie, figlia e armatore dei 18 pescatori di Mazara del Vallo che da 69 giorni sono prigionieri in Libia.  https://t.co/v7aDyMetUr",123,1263
"Sequestrati in Libia da un mese e mezzo! Non Ã¨ una battaglia di parte, tutti i parlamentari della Lega stamane sono andati ad abbracciare i famigliari, teniamo alta l'attenzione. Noi dall'opposizione ci stiamo mettendo tutto l'impegno possibile.",123,1661
"Vedete questa? Ãˆ la tenda in cui sono accampati davanti a Montecitorio mamme, mogli e figli dei pescatori sequestrati in Libia, sotto la pioggia, disperati e senza notizie.  https://t.co/6n7xwuSj5B",123,1666
"#Salvini: abbiamo giustamente riportato a casa, probabilmente pagando, ragazze che si sono convertite all'Islam, andiamo a RIPORTARE A CASA i nostri pescatori che erano per mare a lavorare, non per hobby. Ci sono mamme e mogli incatenate davanti a Montecitorio! #Senato",123,1680
"Stamane davanti a Montecitorio ho incontrato di nuovo mogli, mamme e figli dei pescatori sequestrati in Libia: purtroppo non sanno nulla, non hanno risposte, vivono nell'angoscia per i loro cari.  https://t.co/pxPStialzG",123,1696
"#Salvini: ho incontrato davanti a Montecitorio, impegnate in protesta, mamme, mogli e figlie di 18 pescatori, italiani e tunisini, sequestrati da 37 giorni. Al governo si preoccupano dei diritti di presunti profughi, ma lasciano nostri connazionali ostaggi in Libia.. #portaaporta",123,1794
"In un Paese normale che tenesse ai propri cittadini questa notizia dovrebbe essere ovunque in prima pagina. Mamme, mogli e figlie dei pescatori sequestrati in Libia da ormai 37 giorni, in protesta e attesa di notizie davanti al Parlamento.  https://t.co/7CyU9SlNSE",123,1806
"Un abbraccio alla signora e a tutti i famigliari dei pescatori italiani sotto sequestro in Libia. Come Lega stiamo facendo ogni pressione possibile, ma a MUOVERSI devono essere il ministero degli Esteri e l'intero governo.  https://t.co/s8nt3na6OK",123,1937
Ho incontrato anche i parenti dei pescatori sequestrati in Libia: il governo si muova e li riporti a casa! ðŸ”´ VIDEO COMPLETO ðŸ‘‰  https://t.co/W3eADxAMut,123,2033
"#Salvini: Indovinino i telespetattori in questo mercoledÃ¬ di settembre dove sta andando la nave di questa ONG spagnola. Abbiamo giÃ  problemi sanitari. Immigrazione Ã¨ uno dei problemi italiani, io lâ€™avevo riportata sotto controllo, questâ€™anno giÃ  piÃ¹ di 20mila sbarchi.#Portaaporta",123,2404
"âŒAVANTI C'Ãˆ POSTO! BENVENUTI IN EUROPA A SPESE DEGLI ITALIANI! Credo non serva un genio per capire che se chiunque arriva viene accolto e portato su una nave da crociera, con la prospettiva di poter poi sbarcare tranquillamente in Italia, continueranno ad...  https://t.co/3ZMpCCN43I",123,2725
"Il governo spalanca i porti a migliaia di clandestini e non fiata dopo il sequestro di due pescherecci italiani da parte della Libia, con 18 persone portate a Tobruk ormai da quasi una settimana.   https://t.co/bxdf6HKxFM",123,2824
"PiÃ¹ di cento immigrati a bordo della Sea Watch4: visto che ora perfino i sindaci siciliani di Pd e 5Stelle si oppongono agli sbarchi e Lampedusa Ã¨ nel caos, il governo userÃ  il decreto sicurezza per vietare lâ€™ingresso in acque italiane?",123,3341
"Beirut devastata dalla catastrofe. Un abbraccio di solidarietÃ  al popolo libanese, una preghiera per le vittime e per chi lotta per la vita, un pensiero ai nostri militari e a tutta la comunitÃ  italiana in Libano.  https://t.co/VOene7HvUQ",123,3827
"#Salvini: Parlano gli ATTI. Questa Ã¨ una nave PIRATA che il primo agosto raccoglie immigrati in acque libiche, il 2 agosto ne raccoglie altri in acque maltesi. Nave poteva tenere 19 immigrati, ne aveva a bordo piÃ¹ di 150. #OpenArms #IostoconSalvini",123,3976
"Tunisia: sequestrano i nostri pescatori e ci riempiono di clandestini. Conte, Di Maio e Lamorgese, sveglia!  https://t.co/mq6RkPu0HZ",123,4130
"â€¼ï¸ Nuovo barcone con 55 tunisini (in fuga dalla famosa ""guerra di Tunisia"") e salgono a 800 (ottocento!) gli sbarchi a Lampedusa in 48 ore. Nel frattempo in Sardegna altro sbarco di algerini (anch'essi in fuga dalla nota ""guerra d'Algeria""). (1/2)  https://t.co/aW2RdhYG4e",123,4169
"#Salvini: I pescatori tunisini vengono a pescare nel nostro mare e in cambio fanno arrivare da noi clandestini col virus... Oggi pomeriggio interverrÃ² al #Senato, in risposta al presidente del Consiglio, partendo proprio dai problemi del mondo dellâ€™#Agricoltura.",123,4189
"ONG spagnola che raccoglie immigrati in acque libiche e maltesi e nonostante la disponibilitÃ  di porto sicuro in Spagna si dirige in Italia. Ho difeso la legge, la sovranitÃ , la sicurezza, lâ€™onore e la dignitÃ  italiane con lâ€™accordo dellâ€™intero governo. https://www.iltempo.it/politica/2020/05/25/news/matteo-salvini-processo-gregoretti-rinviato-ottobre-voto-giunta-immunita-senato-open-arms-sequestro-di-persona-1327888/Â â€¦",123,6336
"Ãˆ dotata di aria condizionata, ristorante, self service, due bar, negozio, infermeria, cinema, area giochi per bambini e solarium. In arrivo anche la nave Ong Aita Mari che ci porterÃ  altri 40 immigrati. Avanti, c'Ã¨ posto! (3/3)",123,7440
"OspiterÃ  a spese degli italiani gli immigrati per la loro quarantena prima di essere sbarcati.  La ""Rubattino"" Ã¨ uno dei piÃ¹ grandi traghetti d'Italia, in grado di accogliere fino a 1.470 passeggeri, con 289 cabine e sala poltrone da 195 posti. (2/3)",123,7441
"Mi arrivano notizie di decine di migliaia di uomini pronti a partire dalla Libia, con lâ€™aiuto dai trafficanti di uomini. Rischiamo il disastro.",123,9424
"#Salvini su #OceanViking: A Taranto sbarcheranno in 400 a bordo di una nave delle Ong. Con i problemi di lavoro, inquinamento, agricoltura, l'unico modo che ha questo governo per ricordarsi della Puglia Ã¨ far sbarcare migliaia di immigrati.",123,9598
#Salvini su Gregoretti: a luglio scorso ho fermato per 4 giorni lo sbarco di 131 immigrati a bordo di una nave in attesa che 5 paesi europei decidessero di accogliere. ðŸ“º #nonelarena @nonelarena,123,10033
"Il premier libico bidona Conte e se ne torna a casa? Pazzesco, Conte Ã¨ davvero un pericoloso incapace: per una semplice questione di protocollo, prima ancora che di politica, prima si riceve un capo di governo riconosciuto, dopo un generale. Dilettanti allo sbaraglio!",123,10476
"#Salvini: In Libia câ€™Ã¨ un governo riconosciuto? Io sostengo per dignitÃ  e coerenza il governo legittimo. Da ministro parlerei ai ministri, non ad altri. ðŸ“» @Radio24_news",123,10537
"PiÃ¹ di trenta pakistani a bordo di un camion bloccati in Francia e rispediti subito in Italia: altro che OrbÃ¡n, Ã¨ il cosiddetto ""europeista"" Macron a confermarsi spietato. Il tutto mentre altre 200 persone sono state recuperate in acque internazionali da unâ€™imbarcazione italiana. pic.twitter.com/8hh3xY4tbp",123,12312
"#Salvini: stanno partendo di piÃ¹, ne stanno sbarcando di piÃ¹, piÃ¹ persone rischiano di morire. Il porto piÃ¹ vicino Ã¨ discrezionalmente quello italiano, gli altri possono decidere se aprire o meno. 90% di quelli che sbarcano rimarranno in Italia perchÃ© non profughi. ðŸ“º @SkyTG24",123,13790
Altri 73 prelevati in Libia: ora sulla nave Ong (bandiera norvegese) sono  in 182. Scommettiamo che anche in questo caso il â€œporto sicuroâ€ sarÃ  in Italia? Dai sindaci e dai governatori della Lega arriverÃ  un NO allâ€™arrivo anche di un solo clandestino! https://gds.it/articoli/mondo/2019/09/18/migranti-ocean-viking-ne-salva-altri-73-a-poche-miglia-dalla-libia-ba646235-e201-4fb9-a531-7ec36b47f49b/Â â€¦,123,13968
"#Salvini: Câ€™Ã¨ questa nave, #OceanViking che sta vagando nel Mediterraneo a raccogliere immigrati, e secondo voi dopo dove sarÃ  diretta questa nave? In Italia.  Vediamo come si comporteranno, vediamo se lâ€™Italia ritorna unica piattaforma di sbarco per tutta Europa. ðŸ“º#portaaporta pic.twitter.com/0sGWq4Ilsh",123,14323
"ðŸ”´Due gommoni con circa 100 immigrati a bordo nel Mediterraneo, la Guardia Costiera Libica sta intervenendo per soccorrerli e riportarli a terra. Se si cede al ricatto di scafisti e Ong e si riaprono i porti, Ã¨ finita! Stop sbarchi, stop morti. pic.twitter.com/altOvj4zh4",123,14705
"#Salvini: perchÃ© #OpenArms non va in Spagna? In 18 giorni andavano e tornavano da Ibiza e Formentera 3 volte, questa per loro Ã¨ una battaglia politica. #radioanchio",123,14760
"âš ï¸La Ong spagnola rifiuta il porto offerto dalla Spagna! Incredibile e inaccettabile, organizzano crociere turistiche e decidono loro dove sbarcare??? Io non mollo, lâ€™Italia non Ã¨ piÃ¹ il campo profughi dâ€™Europa. pic.twitter.com/oaaa9MnByI",123,14773
La Spagna apre i porti agli immigrati della ONG #OpenArms. Bene! Chi la dura la vince.  ðŸ”´ LIVE ðŸ‘‰  https://www.facebook.com/salviniofficial/videos/394400987760221/Â â€¦ pic.twitter.com/h5RDc6p65t,123,14775
"Da 17 giorni, invece di andare in un porto spagnolo, questi â€œsignoriâ€ tengono in ostaggio gli immigrati a bordo (fra cui finti malati e finti minorenni) solo per attaccare e provocare me e lâ€™Italia. Non mi fate paura, mi fate pena. Io non mollo. #OpenArms pic.twitter.com/ItYi4LzgYz",123,14779
"In 16 giorni sareste giÃ  tranquillamente arrivati a casa vostra in Spagna. Quella delle ONG Ã¨ una battaglia politica, non certo umanitaria, giocata sulla pelle degli immigrati. Vergogna. Io non mollo. pic.twitter.com/Vr2ok1tLG1",123,14791
"Attenzione! La sindaca buonista di Barcellona: â€œCrudeltÃ ! Lâ€™Europa deve obbligare Salvini a far sbarcare #OpenArms!â€. Nave spagnola, Ong spagnola: aprite il vostro porto! In 15 giorni sarebbero giÃ  andati e tornati due volte, sbaglio??? ðŸ¤”ðŸ¤”ðŸ¤” pic.twitter.com/A3pV6Lr1zb",123,14799
"In tutto questo tempo sarebbero giÃ  andati e tornati in un porto spagnolo tre volte! Queste ong invece fanno solo battaglia politica, sulla pelle degli immigrati e contro il nostro Paese. Ma io non mollo.",123,14800
"Siamo davanti allâ€™ennesima presa in giro della ong spagnola su nave spagnola, quella Open Arms che per giorni ha girovagato nel Mediterraneo al solo scopo di raccogliere piÃ¹ persone possibili per portarle sempre e solo in Italia.",123,14801
"Continuo e continuerÃ² a negare lo sbarco a chi pretende di portare dei clandestini sempre e solo in Italia. La #OpenArms, nave spagnola di Ong spagnola, era in acque maltesi e non si capisce perchÃ© un giudice italiano possa consentire lâ€™ingresso nelle nostre acque.",123,14845
"Per giorni la nave della Ong spagnola si Ã¨ trattenuta in acque SAR libiche e maltesi, ha anticipato altre operazioni di soccorso e ha fatto sistematica raccolta di persone con lâ€™obiettivo politico di portarle in Italia.",123,14848
"Per 350 di essi la Libia ha dato la disponibilitÃ  di un porto di sbarco, mentre per gli altri (quelli visitati dal milionario Richard Gere) lâ€™indicazione che ho dato Ã¨ il divieto di ingresso nelle nostre acque e lâ€™invito a navigare in direzione Spagna.",123,14866
"Richard Gere sulla Open Arms? Spero che si abbronzi e che si trovi bene... Visto che la nave Ã¨ una Ong che batte bandiera spagnola possono far sbarcare i 120 immigrati a Ibiza o Formentera, sbaglio? https://www.rainews.it/tgr/sicilia/articoli/2019/08/sic-lampedusa-mobilitazione-open-arms-88178de5-184f-4d94-9070-461d655c7bd2.htmlÂ â€¦",123,14926
"ðŸ”´ La Open Arms Ã¨ da sei giorni nel Mediterraneo e ora minaccia di entrare in Italia. Avrebbe avuto tutto il tempo per raggiungere la Spagna, il Paese della ong, che ha dato la bandiera alla nave e dove alcuni sindaci si sono esposti a favore dellâ€™accoglienza. pic.twitter.com/FJoJHixmp0",123,14965
"...I dati confermano quindi il grande successo del governo italiano che in un anno ha scoraggiato in modo decisivo anche le partenze dal Sahel verso la Libia di chi volesse giungere illegalmente in Europa, sottraendo cosÃ¬ clienti e business ai trafficanti.â€",123,15411
â€œSe i migranti affittano case significa che la stragrande maggioranza di coloro che sono in Libia non punta certo a venire in Italia...   https://www.analisidifesa.it/2019/07/i-porti-chiusi-sono-un-successo-e-i-migranti-vanno-in-libia-per-lavorare/Â â€¦,123,15412
"PAZZESCO! Dalla Libia qualcuno telefonava e diceva â€œRagazzi siamo in Libia, stiamo per partireâ€. La magistratura ha in mano elementi e riferimenti precisi. Spero che si intervenga quanto prima e non si faccia finta di nulla! pic.twitter.com/VyPfsWAzPu",123,15489
"#Salvini: La magistratura ha in mano elementi e riferimenti precisi. Dalla Libia qualcuno telefonava e diceva â€œRagazzi siamo in Libia, stiamo per partireâ€. La magistratura ha in mano degli elementi, non dico altro. ðŸ“º #quartarepubblica @QRepubblica pic.twitter.com/uZNWgd0OKd",123,15554
"Gommone con 60 immigrati a bordo (evidente lo scafista alla guida) intercettato dalla Guardia Costiera Libica, che ha salvato e riportato a terra tutti quanti. Stavolta ai trafficanti Ã¨ andata male! pic.twitter.com/frIFY8bHN5",123,15566
"Che simpaticoni... compro la T! E comunque, il porto sicuro piÃ¹ vicino alla Libia non si trova in Italia. ðŸ˜‰ pic.twitter.com/eDcRoGWUBo",123,15580
"Sono tornate davanti alla Libia: cosÃ¬ incentivano le partenze e il rischio di naufragi e fanno felici gli scafisti. Queste sono le Ong. Non ci faremo intimidire, non ci piegheremo ai ricatti, difenderemo lâ€™Italia. ðŸ‡®ðŸ‡¹",123,15596
"ðŸ”´ Gli immigrati presi a bordo da #Mediterranea sono in acque libiche, e attualmente sono piÃ¹ vicini di decine di miglia nautiche alla Tunisia rispetto a Lampedusa.",123,15662
#Salvini: altre due navi Ong in direzione acque libiche. Non vorrei che sfidare leggi italiane diventasse un nuovo hobby internazionale. ðŸ“» @RaiRadio2,123,15757
#Salvini su #SeaWatch3: migranti della nave? Facciamo metÃ  e metÃ : 21 in Olanda e 21 in Germania.  ðŸ“º #portaaporta @RaiPortaaPorta,123,15903
Questa mattina al @Viminale ho incontrato il Ministro dellâ€™Interno libico Fathi Bashaagha. Abbiamo discusso della situazione libica riaffermando l'impegno italiano alla stabilizzazione politica dopo l'attacco dello scorso aprile a Tripoli. pic.twitter.com/ZrZNH1JGds,123,15927
"Per chi vuole entrare nel nostro Paese senza chiedere permesso, i porti restano chiusi. Chi fugge dalla guerra puÃ² e deve arrivare in Italia, senza doversi affidare a trafficanti di esseri umani o a navi pirata. #GiornataMondialedelRifugiato (2/2)",123,16058
"Successivamente ha contattato ancora lâ€™Italia, ma per le navi pirata i nostri porti restano chiusi.  Siamo di fronte allâ€™ennesima sceneggiata dei finti buoni: a questo punto vadano verso il Nord Europa. #portichiusi",123,16145
"ðŸš«I porti italiani restano SBARRATI. La SeaWatch ha caricato a bordo degli immigrati che stavano per essere salvati dalla guardia costiera libica. Poi ha chiesto a Tripoli un porto di sbarco, ma quando lo ha ottenuto ha detto che non avrebbe mai riportato gli immigrati indietro. pic.twitter.com/0kqz6hbKES",123,16147
"Altro gommone in acque libiche, una nave della Guardia Costiera Libica sta uscendo per recuperare gli immigrati e riportarli a terra. Bene cosÃ¬. pic.twitter.com/CTvsK1dmyT",123,16159
"Buongiorno Amici, vi aggiorno. Niente Malta. La nave Ong #SeaWatch ha cambiato nuovamente rotta: ciondola nel Mediterraneo e gioca sulla pelle degli immigrati, nonostante abbia chiesto e ottenuto un porto da Tripoli.",123,16164
"SeaWatch non vuole portarli in Libia? Allora spieghi perchÃ© ha chiesto a Tripoli un porto sicuro. E perchÃ©, dopo la risposta positiva, ha atteso per ore davanti alla costa africana. https://www.tgcom24.mediaset.it/cronaca/migranti-la-libia-offre-un-porto-ma-sea-watch-non-sbarcheremo-i-naufraghi-a-tripoli-non-e-sicuro-_3214341-201902a.shtmlÂ â€¦",123,16173
"Le autoritÃ  libiche hanno assegnato ufficialmente Tripoli come porto piÃ¹ vicino per lo sbarco.  Se la nave illegale Ong disubbidirÃ , mettendo a rischio la vita degli immigrati, ne risponderÃ  pienamente. #portichiusi",123,16185
"La nave illegale #SeaWatch3, dopo aver imbarcato 52 immigrati in acque libiche, si trova ora a 38 miglia dalle coste libiche, a 125 miglia da Lampedusa, a 78 miglia dalla Tunisia e a 170 miglia da Malta.",123,16186
"Dopo alcuni giorni di lavoro posso confermare che nessuno degli immigrati a bordo della nave della Marina diretta a Genova sarÃ  a carico degli italiani. Una parte sarÃ  accolta in altri 5 Paesi europei, gli altri saranno ospitati dal Vaticano, che ringraziamo per la sensibilitÃ .",123,16477
"ðŸ”´ La nave della Marina con a bordo un centinaio di immigrati ha avuto indicazione di dirigersi a Genova, ma nessun extracomunitario resterÃ  in Liguria o a carico dei contribuenti italiani. pic.twitter.com/vgz8VVc9As",123,16511
Difendiamo lâ€™onore della Marina. Per quanto di mia competenza ribadisco lâ€™indisponibilitÃ  dei porti italiani per accogliere clandestini. #portichiusiðŸ‡®ðŸ‡¹,123,16547
#Salvini: in Libia qualche Paese ha alimentato venti di guerra per interessi economici. Stiamo lavorando per riportare serenitÃ . #tribu,123,16747
"#Salvini su #SeaWatch3: mar Mediterraneo deve tornare mare di pace, di scambio, di commercio, di turismo.  NON di traffico di esseri umani. Scafisti con soldi degli immigrati trafficano armi e droga. Basta. ðŸ“º #quartarepubblica @qrepubblica pic.twitter.com/EML2CrIy3v",123,17125
"Ãˆ segnale pericoloso far sbarcare in Italia immigrati irregolari da navi fuorilegge, perchÃ© spinge scafisti e trafficanti di esseri umani a mettere in mare piÃ¹ barconi, ponendo a rischio piÃ¹ vite umane. pic.twitter.com/HAJT8A7hki",123,17182
"ðŸ”´NAVE ONG STRANIERA SFIDA LA GUARDIA DI FINANZA! Erano prima in acque libiche e poi in acque maltesi, ma mettendo a rischio la vita degli immigrati a bordo vogliono a tutti i costi arrivare in Italia. Questi non sono soccorritori ma SCAFISTI, e come tali verranno trattati.",123,17397
Le navi Ong vogliono portare in Italia altri immigrati clandestini?  Noi lo impediremo con ogni mezzo lecito necessario. Punto. #portichiusi pic.twitter.com/6tI9NzR2Wd,123,17506
"ðŸ”´ La nave Ong #SeaWatch3 (bandiera olandese) sta navigando nel Mediterraneo in direzione Libia. Avviso ai naviganti: non pensino di aiutare scafisti, imbarcare immigrati e dirigersi verso lâ€™Italia perchÃ© verranno fermati, con OGNI MEZZO lecito consentito. #portichiusi pic.twitter.com/LL2lq48Omb",123,17560
"#Salvini: In #Libia lavoriamo per evitare la GUERRA, con il conflitto la guardia costiera libica non potrÃ  piÃ¹ operare. ðŸ“º #poverapatria @PoveraPatriaRai",123,17987
"Nessuna nave ONG davanti alla Libia, nessuna partenza, nessuno sbarco, nessun morto. Che coincidenza...ðŸ˜‰ pic.twitter.com/8T3ijuopMc",123,18033
"#Salvini: Se la Libia salta, e noi stiamo lavorando perchÃ© non accada, ci sono dei sicuri terroristi pronti a partire per l'Italia. Chi dice porti aperti, fa male non solo all'Italia ma a tutta Europa. ðŸ‡®ðŸ‡¹ ðŸ“º #portaaporta @RaiPortaaPorta",123,18188
"#Salvini: Il ministro Trenta parla di â€œaccoglienzaâ€ in caso di guerra in Libia, ma noi lavoriamo perchÃ© questo non avvenga, perchÃ© con le guerre non si risolvono i problemi. ðŸ“º #dimartedÃ¬ @diMartedi",123,18255
"#Salvini: In Libia bisogna usare la testa, faremo in modo che non ci sia la guerra, ad ora solo scontri. ðŸ“º #dimartedÃ¬ @diMartedi",123,18259
"#Salvini su #Libia: se ci fossero interessi economici dietro al caos in Libia, se la Francia avesse bloccato unâ€™iniziativa europea per portare la Pace, se fosse vero... non starÃ² a guardare. Anche perchÃ© le conseguenze le pagherebbero gli italiani. ðŸ“» #nonstopnews @rtl1025 pic.twitter.com/agPrVnTafI",123,18357
"#Salvini su #Libia: se qualcuno per business gioca a fare la guerra, con me ha trovato il ministro sbagliato. ðŸ“» #nonstopnews @rtl1025",123,18358
#Salvini: In Libia bisogna lavorare per evitare lo scontro armato. A me interessa risolvere i problemi e continuare a difendere i confini italiani.  ðŸ“º #quartarepubblica @QRepubblica,123,18405
"#Salvini: La situazione in Libia, che sto seguendo minuto per minuto, Ã¨ preoccupante. ðŸŽ™ #europadelbuonsenso",123,18422
"Trafficanti di uomini sempre piÃ¹ aggressivi e Ong che creano problemi. La Guardia Costiera libica, considerata affidabile dalla Commissione europea, lancia lâ€™allarme e chiede aiuto. Per i trafficanti i nostri porti restano chiusi. #portichiusiðŸ‡®ðŸ‡¹ pic.twitter.com/OzQWZCpGEa",123,18537
"Ribadisco la piena legittimitÃ  degli interventi di soccorso della Libia che, grazie alla presenza dell'Organizzazione Internazionale delle Migrazioni, garantiscono il rispetto dei diritti degli immigrati e salvataggi piÃ¹ rapidi, alla faccia di chi vuole porti aperti per tutti.",123,18629
"""La Libia Ã¨ un porto sicuro"" e lo dice la Commissione europea, non solo Salvini. http://www.ilgiornale.it/news/cronache/adesso-dice-pure-leuropa-i-migranti-tornino-libia-1670790.htmlÂ â€¦",123,18630
"Nuovo incontro oggi con il vicepremier libico Maitig, durante il quale abbiamo confermato il comune impegno su sicurezza, lotta al terrorismo, immigrazione, realizzazione di infrastrutture, ripresa dei collegamenti aerei e stabilizzazione politica dell'area del Mediterraneo. pic.twitter.com/DBUkXamedV",123,19084
"La Guardia costiera libica ha recuperato circa 120 persone e le sta riaccompagnando verso un porto della Libia. Partiti, individuati, salvati, riportati indietro. Bene. pic.twitter.com/UUNZDlG89s",123,19259
"Da quindici giorni, da quando non ci sono piÃ¹ navi delle Ong davanti alle coste libiche, sapete quanti barconi sono partiti? ZERO!  Che caso, che coincidenza. pic.twitter.com/8nFYBDO1Yu",123,19613
"Cartina aggiornata. Senza navi delle Ong davanti alle coste della Libia, guarda caso da 15 giorni non parte piÃ¹ neanche un barcone, e non muore piÃ¹ nessuno. Coincidenze??? pic.twitter.com/CdKlgU1zfh",123,19670
#Salvini: stiamo lavorando per VIETARE lâ€™ingresso di navi non gradite in acque italiane. ðŸ“º #PortaAPorta @RaiPortaaPorta,123,19746
"#Salvini su #SeaWatch: missione compiuta. La linea del rigore ha svegliato lâ€™Europa. 8 Paesi europei si faranno carico di questi immigrati, presunti minorenni, tutto da verificare. ðŸ“º #PortaAPorta @RaiPortaaPorta",123,19748
"#Salvini: Missione navale #Sophia ha come ragione di vita che tutti gli immigrati soccorsi vengano fatti sbarcare SOLO in italia. Accordo GENIALE sottoscritto da governo Renzi, non so in cambio di cosa. ðŸ¤” O cambiano regole, o finisce la missione. ðŸ“» #radioanchio @radioanchio",123,19968
"#Salvini: Si salvano e si riportano indietro, come ha fatto la Guardia costiera libica nei giorni scorsi. Solo cosÃ¬ la gente smetterÃ  di pagare gli scafisti per un viaggio che NON HA FUTURO. ðŸ“º #Mattino5 @mattino5",123,19993
"Tutti sani, salvi e riportati indietro i 393 immigrati recuperati ieri dalla Guardia Costiera libica. La collaborazione funziona, gli scafisti, i trafficanti e i mafiosi devono capire che i loro affari sono finiti.  Meno partenze, meno morti. #portichiusi https://www.ilmessaggero.it/italia/migranti_riportati_in_libia-4245533.htmlÂ â€¦",123,20013
"Buon sabato Amici. Una riflessione: tornano in mare davanti alla Libia le navi delle ONG, gli scafisti ricominciano i loro sporchi traffici, le persone tornano a morire. Ma il â€œcattivoâ€ sono io. Mah... ðŸ”´ LIVE:  https://www.facebook.com/salviniofficial/videos/359913904828198/Â â€¦ pic.twitter.com/u6y30NroAk",123,20035
"Non solo!  Il 26 agosto 2018, a bordo della #Diciotti, sono sbarcate a Catania 177 persone. Anche questi dovevano essere ricollocati ma soltanto lâ€™Irlanda ne ha presi 16. Come facciamo ad accogliere ancora quando ci hanno preso in giro per mesi? ðŸ¤” (3/3)",123,20243
"ðŸ”´ Appena approdata in Spagna la nave Ong #OpenArms, con 310 immigrati clandestini a bordo. Missione compiuta! #portichiusi pic.twitter.com/jfWDH5C6Qe",123,20427
"ðŸ”´AGGIORNAMENTO â€œ#SeaWatch3â€,  altra nave di unâ€™altra Ong (bandiera olandese), chiede di portare in Italia decine di immigrati recuperati al largo delle coste libiche. La mia risposta non cambia: i porti italiani sono CHIUSI, stop al traffico di esseri umani! #portichiusi",123,20476
"ðŸ”´AGGIORNAMENTO Come promesso questa mattina, in Italia non sbarcano: la nave Ong #OpenArms, con 311 immigrati a bordo, Ã¨ diretta verso la Spagna, buon viaggio. Sappiano i trafficanti di uomini e i loro complici che i nostri porti sono chiusi, STOP! #dalleparoleaifattiðŸ‡®ðŸ‡¹ pic.twitter.com/pjjYa2JJrB",123,20481
Ora dalla Ong spagnola con nave battente bandiera spagnola ricevo anche maledizioni sui miei figli. Confermo: porti italiani sono CHIUSI. Gli italiani mi hanno mandato al governo per difendere i confini e fermare il business dellâ€™immigrazione clandestina.  VADO AVANTI. #OpenArms pic.twitter.com/8U3vSYoxet,123,20486
"ðŸ”´Nave Open Arms, Ong e bandiera spagnola, ha raccolto 200 immigrati, chiede un porto italiano dopo il rifiuto di Malta (che ha sbarcato, giustamente, una donna e un bambino). I porti italiani sono CHIUSI! Per i trafficanti di esseri umani e per chi li aiuta, la pacchia Ã¨ finita.",123,20488
"Dirottano una nave italiana, pretendevano di essere sbarcati in Inghilterra. Due calci nel sedere e a casa!!!  https://www.gazzettadiparma.it/news/italia-mondo/559368/clandestini-su-un-cargo-italiano-minacciano-lequipaggio-sbarcateci-a-londra.htmlÂ â€¦",123,20489
"ðŸ”´ AGGIORNAMENTO La nave #Aquarius chiude le attivitÃ . Meno partenze, meno sbarchi, meno morti. Bene cosÃ¬. https://www.repubblica.it/cronaca/2018/12/06/news/migranti_msf_annuncia_aquarius_costretta_a_chiudere_la_sua_attivita_-213601671/Â â€¦",123,20860
ðŸ”´AGGIORNAMENTO DALLA LIBIA Nella notte la guardia costiera libica ha recuperato un gommone con circa 100 immigrati a bordo. Tanti saluti a scafisti e Ong! http://www.ilgiornale.it/news/cronache/migranti-su-gommone-avaria-long-italiana-d-lallarme-1606519.html?mobile_detect=false&fbclid=IwAR0bwnwrVigBltk_HO1wtfBbXX6hdmONsFp7WlPi03oKE1dADzCDw7sYlncÂ â€¦,123,21188
"ðŸ”´Arrivata a Tripoli la seconda delle motovedette donate alla Guardia costiera libica per un controllo piÃ¹ efficace delle acque territoriali, contro il traffico di esseri umani e il business dell'immigrazione clandestina. C'Ã¨ chi chiacchiera, noi facciamo. #dalleparoleaifatti pic.twitter.com/zl3YBZTNci",123,21199
"#Salvini: #Aquarius sequestrata? Non godo delle disgrazie giudiziarie altrui. So che finchÃ© c'erano queste navi Ong tra Libia e Italia, qui gli sbarchi erano continui, noi abbiamo ridotto di oltre l'80%, dando un duro colpo al business dell'immigrazione clandestina. #unomattina pic.twitter.com/n7TRDSDZ9D",123,21225
"Sequestrata la nave #Aquarius. Ho fatto bene a bloccare le navi delle ONG, ho fermato non solo il traffico di immigrati clandestini ma, da quanto emerge, anche quello di rifiuti tossici. #portichiusi pic.twitter.com/79GPrejO4h",123,21272
"Felice di aver incontrato ieri pomeriggio al @Viminale la delegazione guidata dal ministro dell'Interno libico, Fathi Bashagha. Iniziative di formazione congiunta e scambio di informazioni tra le nostre due Polizie, prevenzione del terrorismo, difesa dei confini. pic.twitter.com/TGZHWsLJH6",123,21450
"In preparazione della conferenza di pace di Palermo, utile incontro col vicepremier libico Ahmed Maitig: abbiamo parlato di sviluppo economico, anti-terrorismo, contrasto all'immigrazione clandestina e cooperazione tra i nostri Paesi. #dalleparoleaifatti pic.twitter.com/96hpSXXU0a",123,21573
"Ho detto questa mattina al presidente di Confindustria e agli armatori che mi piacerebbe ci fossero piÃ¹ marittimi italiani sulle nostre navi.  Lâ€™obiettivo, ognuno per la propria parte, Ã¨ solo uno: far crescere questo Paese. pic.twitter.com/K2A9QsbezT",123,21575
"La prima delle motovedette classe Corrubia previste dal nostro decreto (insieme a altre 10 unitÃ  piÃ¹ piccole) Ã¨ arrivata al porto di Tripoli con a bordo lâ€™equipaggio addestrato in Italia! Volere Ã¨ potere, #dalleparoleaifatti! pic.twitter.com/Ajrhrs1lEq",123,21714
"ðŸ”´CARTINA AGGIORNATA  Grazie alla nostra azione, NESSUNA nave Ong Ã¨ piÃ¹ davanti alla Libia, cosÃ¬ gli scafisti hanno finito di fare il loro sporco lavoro. E pensare che secondo il Pd le â€œmigrazioniâ€ erano â€œprocessi inevitabili, non ci si puÃ² far nienteâ€... Volere Ã¨ potere! pic.twitter.com/CSN8lcEU5P",123,21772
"#Salvini: se la nuova ""nave dei centri sociali"" pensa di portare un solo immigrato in Italia... sappiano che qui non ne sbarcherÃ  uno. #wlitalia",123,21987
"Bella novitÃ , ascoltate bene! Una nave organizzata dai centri sociali (!) vagherÃ  per il Mediterraneo alla ricerca di immigrati da sbarcare sulle nostre coste... Facciano quello che vogliono, vadano dove vogliono ma per loro in Italia... nisba! ðŸ˜˜ VIDEO:  https://www.facebook.com/salviniofficial/videos/1708270519299319/Â â€¦ pic.twitter.com/seTJJwADfn",123,21994
"âœ… Mentre Panama toglieva la bandiera alla nave Ong â€œAquarius 2â€, che torna cosÃ¬ ad essere una â€œnave fantasmaâ€, la Guardia costiera libica salvava e riportava in Libia piÃ¹ di 200 immigrati. #portichiusi, stop a scafisti e trafficanti! pic.twitter.com/eZP9QW2XLH",123,22149
"#Salvini: nessuna pressione su Panama per #Aquarius2, non so nemmeno che prefisso abbia Panama. #nonÃ¨larena",123,22159
"#Salvini: nellâ€™ultimo mese, dopo #Diciotti, ZERO sbarchi da Libia. In questi giorni #Aquarius2 sta mettendo bastoni fra le ruote. Scafisti investono soldi in armi e droga. #nonÃ¨larena",123,22160
"Fiero di sostenere il settore nautico in Italia, che dÃ  lavoro a quasi 200.000 persone e, dopo le tasse di Monti, Ã¨ tornato a crescere. Felice dellâ€™accoglienza che centinaia di persone mi hanno riservato oggi, con applausi e incoraggiamenti: viva #Genova, viva il mare! pic.twitter.com/rBJdgWJ9Mu",123,22187
"La #Aquarius2 ha recuperato una decina di persone in acque sar libiche, a poche miglia dalla terraferma, ma si Ã¨ rifiutata di collaborare con la guardia costiera di Tripoli. Ora vaga nel Mediterraneo. Lo dico e lo ribadisco: vada dove vuole, ma non in Italia. #portichiusi pic.twitter.com/CZphtiAaGo",123,22193
"ðŸ”´La nave Ong #Aquarius2 questa mattina in navigazione a Sud della Sardegna, verso il Canale di Sicilia. Ha cambiato nome (aggiungendo un â€œ2â€) e bandiera, ma non cambierÃ  destinazione finale: NON in Italia! #portichiusi pic.twitter.com/8UGr4jQNzh",123,22236
#Salvini: Da quando abbiamo bloccato una nave per 10 giorni a Catania gli arrivi dalla costa libica sono pari a ZERO. ZERO. #TEHA #Cernobbio @TEHAmbrosetti pic.twitter.com/3valT2HbOx,123,22376
"Ieri la Guardia costiera libica ha salvato in mare 275 persone, tra cui 54 donne e 26 bambini. Ringrazio le autoritÃ  libiche per lâ€™opera di soccorso e di rimpatrio, nonostante tutte le difficoltÃ  interne ed i boicottaggi esterni, in particolare quelli provenienti dallâ€™Europa. pic.twitter.com/Op9rGKL1XM",123,22445
"In una giornata cosÃ¬ triste, una notizia positiva. La nave Ong AQUARIUS andrÃ  a Malta e gli immigrati a bordo verranno distribuiti fra Spagna, Francia, Lussemburgo, Portogallo e Germania. Come promesso, non in Italia, abbiamo giÃ  fatto abbastanza. Dalle parole ai fatti!",123,22641
"Nave ONG Aquarius con altri 141 immigrati a bordo: proprietÃ  tedesca, noleggiata da Ong francese, equipaggio straniero, in acque maltesi, battente bandiera di Gibilterra. PuÃ² andare dove vuole, non in Italia! STOP trafficanti di esseri umani e complici,#portichiusi e #cuoriaperti",123,22657
"Oggi al GR1 ho ribadito che lâ€™Aquarius, col suo carico di clandestini, sicuramente non arriverÃ  in un porto italiano, alla faccia dei buonisti. pic.twitter.com/LTzg4xVR9v",123,22670
"â€œSalvini rappresenta il caos, la distruzione dellâ€™Europa e della democrazia. Lâ€™Italia non Ã¨ Salviniâ€. CosÃ¬ parlÃ² il sindaco di Barcellona. Che dite, devo essere preoccupato o felice??ðŸ˜ðŸ˜. P.s. Intanto unâ€™altra nave Ong con immigrati a bordo si dirige verso la Spagna: bene cosÃ¬!! pic.twitter.com/YUnu7hGriZ",123,22721
"Nelle ultime ore sono sbarcati a Lampedusa 135 immigrati, quasi tutti tunisini, su 13 barchini. Hanno sprecato soldi, tempo e fatica, verranno rimandati a casa nei prossimi giorni! In Italia si entra col permesso, la pacchia Ã¨ finita.",123,22760
"La nave spagnola Open Arms ha raccolto a bordo 90 immigrati nelle acque libiche. Visto che venti giorni fa aveva dichiarato che â€œi porti italiani non sono sicuriâ€ perchÃ© câ€™Ã¨ Salvini, sono certo che porteranno questi immigrati ovunque, tranne che in Italia. Buon viaggio! pic.twitter.com/IEPBDgSpZ0",123,22764
"Se avete 5 minuti, vi consiglio questo video sul lavoro della nostra Marina davanti alle coste libiche. Dalle parole ai fatti. pic.twitter.com/XpoFOq4kcx",123,22784
"Dopo giorni di inutile attesa davanti a Libia e Tunisia, la nave della Ong spagnola Open Arms pare allontanarsi a mani e tasche vuote. A prestoðŸ˜ pic.twitter.com/Bz5OfHJLYL",123,22809
"Reportage dalle navi della Marina davanti alla Libia: ""Qui tutto Ã¨ cambiato, non passa piÃ¹ nessuno"". Ãˆ cambiata la musica! Volere Ã¨ potere. pic.twitter.com/jnJUGzosY4",123,22817
La nave ONG Open Arms sta dirigendo verso il canale di Sicilia (possibile destinazione zona SAR libica). Altre provocazioni in vista? Vi tengo informati! pic.twitter.com/4ll1Qo0Xgb,123,22875
"ðŸ”´Contrordine compagni! La Ong â€œOpen Armsâ€ non ci denuncia. Nel frattempo altri 40 immigrati salvati e riportati in Libia dalla G. costiera. Se i governi fanno il loro dovere il business schifoso dellâ€™immigrazione clandestina SI PUÃ’ fermare. Volere Ã¨ potere, io ce la metto tutta. pic.twitter.com/RKaafDEur3",123,22878
"Due navi di Ong spagnole sono tornate nel Mediterraneo in attesa del loro carico di esseri umani. Risparmino tempo e denaro, i porti italiani li vedranno in cartolina. pic.twitter.com/OzBBprnkNI",123,22923
GiovedÃ¬ porterÃ² al tavolo europeo di Innsbruck la richiesta di BLOCCARE lâ€™arrivo nei porti italiani delle navi delle missioni internazionali. Purtroppo i governi italiani degli ultimi 5 anni avevano firmato accordi perchÃ© tutte queste navi scaricassero gli immigrati in Italia. pic.twitter.com/tnp16nifpy,123,23027
"Ho rivisto a Roma il vicepremier libico Ahmed Maitig. Superamento dellâ€™embargo alla Libia contribuirebbe a trovare una soluzione ai problemi di quel Paese che finiscono con il riflettersi sullâ€™Europa, aumentando efficacia con cui potremo combattere il traffico di esseri umani. pic.twitter.com/cYqzt1DKYx",123,23042
"In diretta con il vicepremier libico Ahmed Maitig, oggi nostro ospite al @Viminale. LIVE ðŸ‘‰ðŸ»  https://www.facebook.com/salviniofficial/videos/10155894133008155/Â â€¦ pic.twitter.com/2ETZp8TvrF",123,23047
La nave spagnola @openarms_fund domani attraccherÃ  nel porto di #Barcellona. Porti italiani chiusi alle #Ong straniere! Volere Ã¨ potere. pic.twitter.com/DQMiv1ocZ3,123,23066
"Oggi a Tripoli si Ã¨ riunita la commissione italo-libica per prevenire l'immigrazione illegale e il traffico di essere umani. Non abbiamo bacchette magiche, ma ce la mettiamo tutta. Volere Ã¨ potere. https://www.quotidiano.net/cronaca/migranti-libia-salvini-1.4013014Â â€¦",123,23095
#Salvini: Qualche frustrato di sinistra Ã¨ riuscito a dire che anche la tragedia successa qualche giorno fa al largo della Libia Ã¨ colpa della Lega. Ringrazio uomini della Guardia Costiera libica che nel silenzio dei media hanno soccorso piÃ¹ di mille disperati. #Pontida18,123,23122
"La nave Open Arms, di Ong spagnola con bandiera spagnola, si Ã¨ lanciata poco fa verso un barcone e, prima dellâ€™intervento di una motovedetta Libica in zona, ha in tutta fretta imbarcato una cinquantina di immigrati a bordo. pic.twitter.com/FiPjeVP2NU",123,23162
Positivi apprezzamenti dalla Marina libica per aver chiuso i porti italiani alle Ong. Con spirito di collaborazione e tanto buonsenso il business dell'immigrazione clandestina si puÃ² fermare. Volere Ã¨ potere!  http://www.adnkronos.com/aki-it/politica/2018/06/27/marina-libica-con-salvini_uDtq2sPJrmFa41bmzzZhJN.htmlÂ â€¦,123,23185
"Difesa dei confini, dalle parole ai fatti. 12 unitÃ  navali oggi donate dal Governo italiano alla Guardia costiera libica: per pattugliare, soccorrere, proteggere. pic.twitter.com/lj0XQnYxH2",123,23188
"LunedÃ¬ a Tripoli ho visitato un centro per immigrati controllato anche da personale Onu, una risposta a quelli che dicono che non si possono rimandare gli immigrati in Libia perchÃ© Ã¨ un Paese pericoloso. Ora tocca allâ€™Europa svegliarsi. VIDEO COMPLETO >  https://www.facebook.com/salviniofficial/videos/10155872803938155/Â â€¦ pic.twitter.com/q0xVdLMzgT",123,23194
"E due!ðŸ‘ Dopo la Ong Aquarius spedita in Spagna, ora tocca alla Ong Lifeline che andrÃ  a Malta, con questa nave fuorilegge che finalmente verrÃ  sequestrata. Per donne e bambini davvero in fuga dalla guerra le porte sono aperte, per tutti gli altri no! #stopinvasione",123,23205
In diretta dal Ministero dell'Interno le mie dichiarazioni dopo il viaggio in Libia. Seguitemi! LIVE >  https://www.facebook.com/salviniofficial/videos/10155870037313155/Â â€¦ pic.twitter.com/h3SKQq0JT2,123,23211
"A Tripoli coi ragazzi della Caprera, che difendono i mari e la nostra sicurezza: onore! pic.twitter.com/WGbgCTVUt7",123,23212
"Trasferimento alla base navale di Abu Sitta, ora una visita al Moto Trasporto Costiero della Marina Italiana â€œCapreraâ€. Grazie ai nostri uomini che operano in Libia con tanta professionalitÃ  e dedizione. pic.twitter.com/Da8QUc0Rex",123,23213
In diretta da Tripoli conferenza stampa con il vicepremier libico Ahmed Maitig.  LIVEðŸ‘‰ðŸ»  https://www.facebook.com/salviniofficial/videos/10155869462808155/Â â€¦ pic.twitter.com/I9Y2sodEQQ,123,23214
"Hotspots dell'accoglienza in Italia?Sarebbe problema per noi e per la Libia stessa perchÃ© i flussi della morte non verrebbero interrotti.  Noi abbiamo proposto centri di accoglienza posti ai confini a Sud della Libia per evitare che anche Tripoli diventi un imbuto, come Italia. pic.twitter.com/3kfFfMIgTJ",123,23215
"Qui Tripoli, ho appena incontrato il ministro dellâ€™Interno libico Abdulsalam Ashour. Il mio impegno sarÃ  massimo per rinsaldare lâ€™amicizia tra i nostri due Paesi e la collaborazione su tutti i fronti, a partire dallâ€™emergenza immigrazione. Vi tengo aggiornati! pic.twitter.com/9OiTeelQnu",123,23216
"Missione #Libia, si parte! pic.twitter.com/HTnLccSZ6A",123,23217
"Ringrazio di cuore, da ministro e da papÃ , le AutoritÃ  e la Guardia Costiera Libica che oggi hanno salvato e riportato in Libia 820 immigrati, rendendo vano il ""lavoro"" degli scafisti ed evitando interventi scorretti delle navi delle Ong. http://www.ansa.it/sito/notizie/topnews/2018/06/24/salvini-migranti-salvati-grazie-libia_74e84738-8600-4809-86b7-77ab74289d75.htmlÂ â€¦",123,23219
La Guardia Costiera Libica denuncia pubblicamente il lavoro sporco delle Ong. http://www.repubblica.it/esteri/2018/06/22/news/aiuti_migranti_e_riorganizzazione_delle_forze_di_sicurezza_ecco_la_missione_di_salvini_in_libia-199693330/Â â€¦,123,23223
"Altri 1.000 immigrati sui gommoni? Giusto che intervengano AutoritÃ  Libiche, come stanno ben facendo da giorni, senza che le navi di Ong si intromettano e disturbino. Sappiano questi â€œsignoriâ€, finanziati da Soros e compagnia bella, che i porti italiani sono e saranno chiusi.",123,23224
"Nei prossimi giorni sarÃ² in Libia: l'Italia dovrÃ  riprendere un ruolo centrale per garantire la stabilitÃ  di tutta l'area, offrendo collaborazione non solo sul tema immigrazione ma anche per lo sviluppo economico di quel Paese. pic.twitter.com/JmMXv7Rat4",123,23257
"#Salvini: AndrÃ² in Libia settimana prossima e ci terrÃ² a far presente che il popolo italiano Ã¨ vicino al popolo libico, vogliamo la stabilitÃ  e la tranquillitÃ  della Libia. #portaaporta",123,23281
"La #Aquarius approda in Spagna. Per la prima volta una nave partita dalla Libia e destinata in italia attracca in un Paese diverso: segno che qualcosa sta cambiando, non siamo piÃº gli zerbini dâ€™Europa. ðŸ”´ LIVE >  https://www.facebook.com/salviniofficial/videos/10155849211128155/Â â€¦ pic.twitter.com/BPpYijA02j",123,23337
"Mentre Aquarius naviga verso la Spagna, altre 2 navi di Ong con bandiera dellâ€™Olanda sono arrivate al largo delle coste della Libia. Sappiano che lâ€™Italia non vuole piÃ¹ essere complice del business dellâ€™immigrazione clandestina, e dovranno cercarsi altri porti dove dirigersi.",123,23348
"Comandante Guardia costiera libica: ""Se Italia CHIUDE i porti diminuiranno partenze"", SCORAGGIANDO i trafficanti di esseri umani. Lo abbiamo detto per anni. L'Italia si Ã¨ svegliata, e non ci fermiamo. #chiudiamoiporti https://specialelibia.it/2018/06/11/acquarius-intervista-a-comandante-guardia-costiera-libica-se-litalia-chiude-i-porti-diminuiranno-le-partenze/Â â€¦",123,23372
#Salvini: Conto di andare nelle prossime settimane in Libia. #ottoemezzo,123,23398
"Non siamo soli, c'Ã¨ una responsabilitÃ  da condividere e sono contento che dopo anni di silenzio il governo abbia alzato la testa. Ora conto di andare in Libia entro la fine del mese, questa situazione va risolta direttamente nel continente africano. VIDEO>  https://www.facebook.com/salviniofficial/videos/10155835903933155/Â â€¦ pic.twitter.com/g4W4JdoUx1",123,23412
"VITTORIA! 629 immigrati a bordo della nave Aquarius in direzione #Spagna, primo obiettivo raggiunto! #chiudiamoiporti pic.twitter.com/dNmLyNRaVo",123,23421
"VITTORIA! 629 immigrati a bordo della nave Aquarius in direzione Spagna, primo obiettivo raggiunto! Vi racconto in diretta gli ultimi sviluppi. #chiudiamoiporti ðŸ”´ðŸ“² LIVE >  https://www.facebook.com/salviniofficial/videos/10155833582078155/Â â€¦ pic.twitter.com/eMcoOg8yzW",123,23422
"Oggi anche la nave Sea Watch 3, di Ong tedesca e battente bandiera olandese, Ã¨ al largo delle coste libiche in attesa di effettuare lâ€™ennesimo carico di immigrati, da portare in Italia. Lâ€™Italia ha smesso di chinare il capo e di ubbidire, stavolta Câ€™Ãˆ CHI DICE NO.#chiudiamoiporti pic.twitter.com/kjusddFDqH",123,23425
"Ci dicano gli amici Maltesi quante navi che trasportavano immigrati hanno attraccato nei loro porti nel 2018, quante persone sono sbarcate, quante domande di asilo sono state esaminate e quante accolte. Lâ€™Italia vuole risolvere i problemi, non crearli. pic.twitter.com/nuDeRvPzb8",123,23445
Marina Militare libica respinge le navi delle ONG pro-invasione e riporta a terra piÃ¹ di 500 clandestini. Applausi. http://palermo.repubblica.it/cronaca/2017/06/10/news/migranti_tensione_nel_canale_di_sicilia_la_marina_libica_intima_alle_navi_delle_ong_di_andare_via-167737690/Â â€¦,123,27201
"#Salvini: PiÃ¹ barche metti davanti alle coste libiche, piÃ¹ partenze di disperati ci saranno e piÃ¹ MORTI avverranno. #portaaporta pic.twitter.com/5Gb3oqZAEc",123,27807
"#Salvini: Si sposti la frontiera oltre Mediterraneo, si sequestrino navi e bilanci di quelli che speculano sugli immigrati. #inmezzora",123,27870
#Salvini: quando sarÃ  possibile mi propongo di andare in Libia ad incontrare il generale HAFTAR che controlla il territorio. #NightTabloid pic.twitter.com/y3z83hWH9h,123,28315
".@MLP_officiel in Libano rifiuta di mettere il velo per incontrare il Gran MuftÃ¬, cancella appuntamento. Da noi la BOLDRINI.. #Marine2017 pic.twitter.com/g13ov8Witw",123,28767
"Oggi Pd e Ue propongono BLOCCO NAVALE in Libia. Sentite ALFANO due anni fa cosa diceva. IPOCRITI, INCAPACI, RIDICOLI e COMPLICI! #votosubito pic.twitter.com/95ja4im2KZ",123,29094
"Da tre anni chiedo un BLOCCO NAVALE per fermare i barconi nelle acque della Libia, per salvare vite e bloccare l'INVASIONE. #stopinvasione pic.twitter.com/pYoVz3j2NZ",123,29107
"#Salvini: ormai andiamo in Libia a prenderli. 130mila arrivati, 70mila fanno domanda di asilo, gli altri dove sono? #quintacolonna",123,30752
"#Salvini: Renzi e il governo non parlano in parlamento di ciÃ² che Ã¨ avvenuto in LIBIA, preferiscono #domenicalive. #dimartedi",123,32577
"Altri 3.000 IMMIGRATI su 22 barconi in arrivo in Italia. Soccorreteli, aiutateli, curateli, ma NON FATELI SBARCARE! #Salvini",123,35296
"#Immigrazione, una nave sta sbarcando a Cagliari 435 clandestini. Io li metterei su 10 pullman, e li porterei tutti a #Bruxelles! #Salvini",123,35466
"Mettiamo le navi di fronte alle coste libiche, non deve partire piÃ¹ nessuno! #domenicalive @domenicalive #Salvini pic.twitter.com/3BbNGjKvDf",123,36685
La #Libia ci manda i #clandestini e ci arresta i pescatori. Un governo serio non lo permetterebbe! #Salvini #Lega,123,36709
Governo pensa di aprire a TARANTO un grande Centro per #IMMIGRATI da Libia. Faremo di tutto contro questa follia. Mi date una mano? #Salvini,123,37103
"""BLOCCO NAVALE davanti alla #Libia, pure l'#ONU appoggerebbe l'Italia"" dice l'inviato ONU in Libia. Bene, facciamolo subito! #Lega #Salvini",123,37134
"L'intervento in Libia ha peggiorato la situazione, altro che tutelare i diritti umani! #Salvini #portaaporta #Lega @matteosalvinimi",123,37493
"Sul Corriere denuncia di Tripoli: ""Sbarchi dalla Libia guidati da cellule del terrorismo islamico"". La #Lega lo denuncia da mesi!!! #Salvini",123,37763
Altri 556 immigrati raccolti da navi militari a 100 miglia dall'Italia. Governo #Renzi fa Tour Operator per trafficanti di uomini. #Salvini,123,38238
Le cosche guadagnano sugli #immigrati: marina militare soccorra i barconi ma poi li riporti al porto di partenza. #Salvini #ottoemezzo #Lega,123,38256
"""#Immigrazione via mare pone GRAVI RISCHI a sicurezza e salute pubblica"" dice Capo di Stato Maggiore di Difesa. #Renzi, ci sei?!? #Salvini",123,39294
